Coach_ID,First_name,Last_name,Gender,Email,Phone number,Date of Birth,Availability Status,Specialization_Sport_ID,username
1,Jilleen,Ketchen,Female,jketchen0@chron.com,830-719-6261,1973-06-16,Available,8,apadberry0
2,Vicki,Barnham,Male,vbarnham1@ask.com,291-769-6974,1986-01-23,Not Available,9,ptrimming1
3,Gonzalo,Fern,Male,gfern2@1und1.de,965-672-0496,1974-12-24,Not Available,8,fpicknett2
4,Tisha,Maddern,Female,tmaddern3@marketwatch.com,131-938-3953,1978-03-31,Not Available,11,jpheazey3
5,Ardine,Camelli,Female,acamelli4@histats.com,802-263-2441,1988-07-02,Not Available,12,pshapera4
6,Korie,Huish,Female,khuish5@posterous.com,167-395-5531,1971-07-15,Not Available,11,kmarquiss5
7,Roxi,Swithenby,Female,rswithenby6@phoca.cz,859-899-1714,1976-06-16,Available,2,vdamsell6
8,Ephrem,Ingolotti,Female,eingolotti7@sbwire.com,880-938-8392,1984-08-11,Not Available,1,dsaturley7
9,Dennison,MacGiany,Male,dmacgiany8@bbc.co.uk,111-361-9404,1984-11-29,Available,7,sginity8
10,Jere,Slucock,Male,jslucock9@nyu.edu,354-486-8351,1973-12-01,Not Available,11,fpounds9
11,Elisa,Suddock,Male,esuddocka@shareasale.com,878-539-5297,1976-03-05,Not Available,10,wbackshilla
12,Lizbeth,Claris,Female,lclarisb@facebook.com,697-533-2345,1988-07-20,Available,2,tmaleneyb
13,Wendeline,Nussgen,Male,wnussgenc@addthis.com,336-296-5102,1980-08-24,Available,5,isowrahc
14,Hamilton,Wingate,Female,hwingated@nymag.com,631-400-4418,1972-06-06,Available,9,lgerberd
15,Marie-ann,Bratcher,Female,mbratchere@multiply.com,594-150-6719,1983-04-10,Available,1,okinzele
16,Hanny,Ninnoli,Male,hninnolif@bing.com,915-124-1340,1979-05-30,Available,8,nbernierf
17,Valenka,Tire,Female,vtireg@hugedomains.com,773-335-3709,1976-08-27,Not Available,7,cblitzg
18,Sollie,Davidson,Female,sdavidsonh@sphinn.com,763-934-9510,1984-02-05,Available,9,sbahikeh
19,Morgana,Beddoes,Female,mbeddoesi@wufoo.com,191-576-0090,1972-09-09,Available,5,bbevensi
20,Portie,Lavin,Female,plavinj@wix.com,308-341-1941,1974-07-04,Not Available,2,lsherringtonj
21,Garry,Garlant,Female,ggarlantk@businesswire.com,217-832-9641,1982-05-24,Available,12,msolowayk
22,Petr,Azema,Male,pazemal@paypal.com,273-196-9460,1974-09-09,Available,7,rdungeyl
23,Janessa,Marthen,Male,jmarthenm@woothemes.com,730-568-4606,1985-07-29,Not Available,7,egowansm
24,Darcy,Matyushkin,Female,dmatyushkinn@un.org,603-756-6661,1973-04-04,Not Available,1,jstroudn
25,Yetta,Hutcheson,Male,yhutchesono@tamu.edu,697-935-3433,1989-06-10,Available,7,gcampanyo
26,Daryle,Kearn,Female,dkearnp@privacy.gov.au,787-120-4409,1974-04-02,Not Available,3,libarrap
27,Liesa,Widdocks,Female,lwiddocksq@ifeng.com,353-281-2163,1971-04-18,Available,9,swicksteadq
28,Kippar,Emeny,Female,kemenyr@diigo.com,283-641-2898,1980-09-27,Not Available,8,kharringtonr
29,Cody,Pilipyak,Female,cpilipyaks@netvibes.com,775-724-0043,1989-03-22,Available,12,tsanchess
30,Jo ann,Riolfo,Female,jriolfot@cnet.com,486-902-4216,1971-04-06,Available,9,gcambert
31,Olly,Vesty,Male,ovestyu@xrea.com,574-257-2848,1975-11-09,Not Available,11,vsaunderu
32,Catherina,Lithgow,Female,clithgowv@senate.gov,279-369-3862,1988-12-02,Available,6,narmatagev
33,Addi,Putman,Female,aputmanw@kickstarter.com,449-252-2453,1975-03-23,Available,7,socanavanw
34,Tabbie,Gehringer,Female,tgehringerx@abc.net.au,401-872-9991,1983-01-27,Not Available,8,sargravex
35,Tome,Van den Velde,Female,tvandenveldey@i2i.jp,605-481-3192,1987-01-31,Available,11,plidgardy
36,Wilbur,De Freyne,Female,wdefreynez@admin.ch,184-310-0653,1973-10-03,Not Available,10,ehoolaghanz
37,Tony,Milmoe,Male,tmilmoe10@statcounter.com,978-116-6205,1979-05-19,Available,11,dlyptratt10
38,Tyrone,MacAskill,Male,tmacaskill11@digg.com,400-798-5030,1977-12-25,Available,12,avaughanhughes11
39,Sanders,Pawsey,Female,spawsey12@sourceforge.net,733-509-2713,1971-09-02,Available,10,gvandecastele12
40,Isis,Sotham,Female,isotham13@gravatar.com,544-206-8028,1988-07-01,Available,3,udenge13
41,Jennilee,Castanie,Female,jcastanie14@newsvine.com,858-923-2235,1976-12-24,Available,3,rbacup14
42,Beitris,Gallally,Female,bgallally15@theatlantic.com,378-406-5097,1981-08-20,Not Available,10,vbolsover15
43,Lucila,Blincko,Male,lblincko16@sourceforge.net,816-305-3683,1974-04-03,Available,9,zknowlys16
44,Kai,Pendrid,Male,kpendrid17@nih.gov,478-115-1503,1989-04-30,Not Available,4,fdearlove17
45,Molli,Liddiard,Female,mliddiard18@virginia.edu,151-945-1774,1978-11-04,Not Available,9,dtharme18
46,Seward,Oades,Female,soades19@e-recht24.de,488-379-9739,1982-06-27,Available,6,ttrevon19
47,Prescott,Guyonnet,Female,pguyonnet1a@ebay.com,376-780-5217,1971-05-01,Not Available,10,gcarnduff1a
48,Linnell,Mushawe,Female,lmushawe1b@forbes.com,595-100-5304,1987-08-13,Available,10,jedridge1b
49,Mureil,Duley,Female,mduley1c@linkedin.com,867-950-8007,1977-02-16,Available,4,jcato1c
50,Mildred,Hubble,Male,mhubble1d@dyndns.org,121-958-6151,1970-07-14,Not Available,10,mhassey1d
