Referee_ID,First_name,Last_name,Gender,Email,Phone number,Date of Birth,Availability Status,Games_refereed,Specialization_Sport_ID,username
1,Virgie,Lucus,Male,vlucus0@ed.gov,566-366-5958,1975-10-30,Not Available,2,10,lpallatina0
2,Germayne,Jefferys,Male,gjefferys1@plala.or.jp,512-431-3583,1978-09-16,Available,8,12,jrushton1
3,Tallie,Lax,Female,tlax2@npr.org,311-938-1647,1986-05-23,Available,9,8,vangove2
4,Abba,Blenkinsopp,Female,ablenkinsopp3@howstuffworks.com,420-674-4171,1982-06-26,Not Available,6,5,eodom3
5,Cammy,Albasini,Male,calbasini4@booking.com,106-524-3062,1986-11-19,Not Available,2,10,djakubczyk4
6,Clerkclaude,Hacker,Female,chacker5@thetimes.co.uk,833-250-2631,1972-11-28,Not Available,9,9,asandy5
7,Rozella,Claringbold,Male,rclaringbold6@kickstarter.com,494-510-6922,1984-03-18,Available,3,12,lsturgeon6
8,Happy,Hall,Male,hhall7@webs.com,913-230-1172,1984-12-03,Available,4,5,cpenwell7
9,Matthew,Ewbanck,Female,mewbanck8@mashable.com,862-727-1202,1973-08-31,Not Available,9,2,sbiddle8
10,Trescha,Lockhurst,Male,tlockhurst9@cmu.edu,127-791-8060,1975-07-16,Not Available,8,12,fdobie9
11,Coral,Vousden,Male,cvousdena@ning.com,962-194-3696,1972-09-17,Available,6,12,cortaa
12,Gavrielle,McWhin,Male,gmcwhinb@cdbaby.com,200-585-0546,1975-09-15,Available,2,10,amcneighb
13,Verna,Boys,Male,vboysc@army.mil,749-886-0989,1989-05-22,Available,6,1,goluwatoyinc
14,Marven,Taunton,Male,mtauntond@nasa.gov,419-731-4280,1982-06-19,Not Available,7,3,fdarbishired
15,Lucine,Yepiskov,Male,lyepiskove@pcworld.com,469-496-7390,1982-01-06,Not Available,3,12,dmokese
16,Estell,Chillcot,Female,echillcotf@google.com.br,859-681-8257,1987-10-06,Available,8,4,mtomczykowskif
17,Jacky,Madre,Female,jmadreg@mashable.com,159-749-6039,1988-09-04,Available,5,11,cdunsireg
18,Jackson,Goward,Male,jgowardh@de.vu,597-543-1097,1982-03-08,Not Available,2,2,ckubuh
19,Arlinda,Allred,Male,aallredi@fc2.com,981-372-0648,1978-10-25,Available,6,6,aevemyi
20,Meredithe,Brayson,Male,mbraysonj@weibo.com,460-162-0798,1971-03-21,Not Available,10,7,fmeritj
21,Magdaia,Bedford,Female,mbedfordk@imageshack.us,205-228-6593,1973-04-05,Available,2,8,eowbridgek
22,Con,Roe,Female,croel@pinterest.com,356-409-8720,1985-11-30,Available,10,11,crawlingl
23,Michail,Rolfo,Male,mrolfom@constantcontact.com,907-304-6518,1982-03-27,Not Available,9,1,aortlerm
24,Bili,Carayol,Female,bcarayoln@state.tx.us,141-531-8483,1984-05-25,Available,4,6,gbunyardn
25,Harmonie,Lintill,Male,hlintillo@canalblog.com,345-874-0292,1975-04-09,Available,9,3,pivanichevo
26,Marj,Deevey,Male,mdeeveyp@aol.com,971-374-5018,1980-12-01,Available,10,5,gconleyp
27,Armando,Oldaker,Female,aoldakerq@prweb.com,441-528-7732,1977-07-05,Available,1,12,wkuhnhardtq
28,Adiana,Jaycox,Female,ajaycoxr@scribd.com,760-907-2194,1988-04-16,Not Available,9,6,hpollakr
29,Cobb,Mitrikhin,Female,cmitrikhins@weibo.com,876-438-2491,1982-08-15,Not Available,5,1,msantrys
30,Adelheid,Titterton,Male,atittertont@jugem.jp,888-513-7541,1984-08-25,Available,5,11,nriddt
31,Nadeen,Mussalli,Female,nmussalliu@arstechnica.com,839-101-0096,1985-09-14,Not Available,1,12,dyakushkevu
32,Lazaro,Streak,Female,lstreakv@g.co,783-932-6032,1972-06-03,Available,1,3,hwaggittv
33,Gusta,Atcherley,Male,gatcherleyw@columbia.edu,241-335-4570,1972-01-20,Not Available,1,3,thanrahanw
34,Aksel,Harrill,Male,aharrillx@eepurl.com,377-661-9051,1973-01-19,Not Available,2,11,kgreddenx
35,Moore,Royste,Female,mroystey@java.com,620-986-8417,1985-01-16,Available,2,8,tludewigy
36,Tadeas,Wyles,Female,twylesz@miibeian.gov.cn,941-164-6958,1989-11-18,Not Available,2,11,ewoanz
37,Jyoti,Sherar,Male,jsherar10@acquirethisname.com,479-602-2797,1970-01-19,Not Available,6,3,scuseck10
38,Jenine,Fishpool,Female,jfishpool11@skyrock.com,498-266-0918,1978-12-02,Not Available,10,11,mkimmings11
39,Frederick,Kneeland,Female,fkneeland12@t.co,514-419-1962,1972-01-03,Available,3,3,mfotherby12
40,Grantley,Uman,Male,guman13@ibm.com,793-429-3968,1972-04-20,Not Available,5,12,cizat13
41,Fransisco,Van den Bosch,Male,fvandenbosch14@stanford.edu,863-675-5097,1984-06-13,Available,4,3,vabramowitz14
42,Lulu,Staresmeare,Male,lstaresmeare15@hhs.gov,510-890-3802,1973-09-02,Not Available,9,10,tshuttlewood15
43,Kore,Rattenberie,Female,krattenberie16@hc360.com,352-500-2917,1977-07-18,Available,7,9,lciccetti16
44,Moishe,Antoinet,Male,mantoinet17@rambler.ru,993-932-7123,1973-06-11,Available,4,9,rfarren17
45,Elroy,Teese,Male,eteese18@businessinsider.com,939-651-6335,1987-11-03,Not Available,9,12,mkilmary18
46,Melisande,Waddilove,Female,mwaddilove19@cnn.com,993-967-4852,1987-04-25,Available,8,9,ifeatherstone19
47,Staci,Elgood,Female,selgood1a@sun.com,494-875-7952,1989-03-12,Available,8,3,jdobkin1a
48,Lester,Galliard,Female,lgalliard1b@tripadvisor.com,529-561-5167,1984-05-09,Not Available,7,3,mlist1b
49,Franny,Sergant,Male,fsergant1c@vinaora.com,598-692-0844,1985-07-03,Not Available,9,9,rmansion1c
50,Lucas,Hellyar,Female,lhellyar1d@microsoft.com,713-810-4251,1989-11-10,Available,1,7,igeddis1d
